{
  "project_info": {
    "project_number": "1032586472760",
    "project_id": "bopit-67f67",
    "storage_bucket": "bopit-67f67.appspot.com"
  },
  "client": [
    {
      "client_info": {
        "mobilesdk_app_id": "1:1032586472760:android:9aa44345a8e58c8368a5cd",
        "android_client_info": {
          "package_name": "com.example.bopit"
        }
      },
      "oauth_client": [
        {
          "client_id": "1032586472760-nvmnsokkcomd7hto7r35i0kform9h5g6.apps.googleusercontent.com",
          "client_type": 3
        }
      ],
      "api_key": [
        {
          "current_key": "AIzaSyAZvzfZAwRniGyjBA0kh3YYQyWq8DPjp-I"
        }
      ],
      "services": {
        "appinvite_service": {
          "other_platform_oauth_client": [
            {
              "client_id": "1032586472760-nvmnsokkcomd7hto7r35i0kform9h5g6.apps.googleusercontent.com",
              "client_type": 3
            }
          ]
        }
      }
    }
  ],
  "configuration_version": "1"
}